MON;100-064;O.B Trading co.,Ltd;3;"017 516 160 015 222 564";leat_longvhp@yahoo.com;YES;DIS-5% EVERY ORDER;CREDIT;180;PUTHEAVY
TUE;100-100;U&M;3;010 277 338;him.smael@lmmdistribution.com;NO;DIS 5% EVERY ORDER;CREDIT;90;PUTHEAVY
WED;100-103;GOLDEN MOROKOT TRADING;3;"012 303 015 cc 089 428 889 acc 069 666 532 069 833 216 To";"chhorpoan.gmt@gmail.com acc_goldenmorokot@yahoo.com gmt.accadm@gmail.com gmt.officeteam@gmail.com";YES;NO;CREDIT;NR;PUTHEAVY
THU;100-422;TANG NGUON NGUON TRADING CO., LTD-(VAT);3;087 823 555;cheyradeth4444@gmail.com;YES;NO;CREDIT;180;PUTHEAVY
FRI;100-151;TANN SE MUY CO.,LTD-CONSIGNMENT;3;"015 346 663 096 779 8883 096 79 71 722";"semuy.tsm@gmail.com phan savot.tsm@gmail.com";NO;NO;CREDIT;180;PUTHEAVY
SAT;100-012;DOCTOR SARUN PHARMA CO., LTD;3;086 559 997;ccptsm2@gmail.com;NO;NO;CREDIT;180;PUTHEAVY
MON;100-244;KUMNIT KHMER IMPORT EXPORT CO.,LTD.;3;"016 931 007 012 931 007 096 222 36 50";kumpheak.sp@gmail.com;YES;DIS-5% EVERY ORDER;CREDIT;180;PUTHEAVY
TUE;100-313;ARUN RESMEY PHARMA CO.,LTD.;3;076 2222 159;cambodia@scoolfilm.com;NO;DIS-5% EVERY ORDER;CREDIT;180;PUTHEAVY
WED;100-414;LY JING BAVE(CONSIGNMENT 90MONTH);3;069 40 34 89;lyjingpao@gmail.com;NO;DIS-5% EVERY ORDER;CREDIT;180;PUTHEAVY
THU;100-067;C.R.S.L DISTRIBUTION.CO.,LTD.;3;070 407 333(MANAGER);chetra009@gmail.com;YES;NO;CREDIT;90;PUTHEAVY
FRI;100-355;LOLANE;3;069 64 73 69 Telegra;lolane.cambodia@gmail.com;NO;DIS-3% EVERY ORDER;CREDIT;180;PUTHEAVY
SAT;100-401;L.S.S.C TRADING CO.,LTD.;3;"010 800 999 078 888 268 023 966 799";sideth.hak@lssctrading.com;YES;DIS-4% ON COST;CREDIT;180;PUTHEAVY
MON;400-084;THANATKORN RANGER(CAMBODIA)LIMITED.;3;"010 47 59 08 ( TELEGRAM ) 016 579 757";;YES;NO;CREDIT;180;PUTHEAVY
TUE;100-331;BEST H.T.L.DISTRIBUTION(CONSIGNMENT);3;012 996 010;henghy88@yahoo.com;NO;NO;CREDIT;180;PUTHEAVY
WED;400-107;NATURE CHOICES (VAT);3;069 555 484  Whatsapp;;NO;NO;CREDIT;180;PUTHEAVY
THU;400-275;88 MEANCHEY INVESTMENT CO,.LTD;3;"089 96 00 96 098 96 00 96";chemsokphoung@yahoo.com;NO;NO;CS 6 MONTH;180;PUTHEAVY
FRI;400-150;STELLAR;3;"015 755 568 087 323 232";sokchea.k@stellarimex.com;NO;DIS-5% ON COST;CREDIT;180;PUTHEAVY
SAT;100-140;MEGA LIFESCIENCES PTY LIMITED (VAT);3;"076 222 1091 069 257 697  099 433 866";sengchanrasmey@gmail.com;YES;"DIS-5% LOREA'L & 8% ROTO EVERY OEDER";CREDIT;180;PUTHEAVY
MON;400-239;AMRET RUNG  ROEUNG GROUP LIMITED;3;012 582 787;many@amrurice.com.kh;NO;Dis-5% EVERY ORDER;CREDIT;180;PUTHEAVY
TUE;100-092;T.SUPANHA TRADING CO.,LTD;3;096 99 55 014;lovreatheyvong@gmail.com;YES;DIS-2% EVERY ORDER;CREDIT;90;PUTHEAVY
WED;100-456;YUL DIVERSITY;3;"069 731 304 010 807 735";an.kuyheng@yuldiversity.com pen.bunna@yuldiversity.com;YES;NO;CREDIT;180;PUTHEAVY
THU;100-283;DYNAMIC DISTRIBUTION CO.,LTD;3;010 62 46 71;me2.ddc@dynamic.com.kh chamroeun_bou@yahoo.com;YES;NO;CREDIT;NR;PUTHEAVY 
FRI;100-416;M.P.S.I (CAMBODIA) CO., LTD;3;"017 448 424 086 289 168";"sales.mgr@mpsicambodia.com sales.mt@mpsicambodia.com sales.gt@mpsicambodia.com account@mpsicambodia.com hr@mpsicambodia.com";NO;NO;CREDIT;180;PUTHEAVY
SAT;100-460;WR TRADING(CONSIGNMENT 90 MONTHS);3;"012 88 21 77 070 835 959";vicheka.teap@yahoo.com;YES;NO;CREDIT;180;PUTHEAVY
MON;400-060;CFC SHOP(ប្រអប់ជ័រ)(CONSIGNMENT);3;093 300 100;san.chhay@outlook.com;NO;NO;CREDIT;180;PUTHEAVY
TUE;100-371;MIND BOOK(CONSIGNMENT);3;081 33 28 13;chantykim4@gmail.com gooddaycambodia@yahoo.com;NO;NO;CREDIT;180;PUTHEAVY
WED;400-198;MG PACIFIC COMPANY LIMITED;3;"093 246 618 069 958 978 012 270 559 069 246 669";"info@mgpacific.com sreyneth@mgpacific.com";NO;NO;CREDIT;180;PUTHEAVY
FRI;100-131;NEW LINK PTE;3;"011 848 195 015 848 195";mt_teade@newlinkmarketing.net;NO;DIS-5% EVERY ORDER;CREDIT;180;PUTHEAVY
SAT;100-083;IDEAL TRADING;3;"081 39 99 33 087 998 833";;NO;DIS-5% EVERY ORDER;CREDIT;180;PUTHEAVY
MON;400-076;SING HUOT HAB TRADING CO.,LTD(CONSIGNMENT);3;012 567 082;khim_thyda@yahoo.com;NO;DIS-5% EVERY ORDER;CREDIT;180;PUTHEAVY
TUE;400-099;MEKONG KIRIROM;3;015 885 888;mkr.mchk@gmail.com;NO;NO;CREDIT;180;PUTHEAVY
WED;100-410;OCTOPUS ASAI PACIFIC CO.,LTD.(CONSIGNMENT 3 MONTHS);3;096 438 9518;ars.cambodia@gmail.com;YES;DIS-5% EVERY ORDER;CREDIT;180;PUTHEAVY
THU;400-132;COOL(CONSIGNMENT);3;016 581 280;;NO;NO;CREDIT;180;PUTHEAVY
FRI;100-095;FWT FULL WELL TRADING (CAMBODIA) LTD.;3;015 666 202;sok_trading@fullwell.biz;YES;DIS-5% EVERY ORDER;CREDIT;NR;PUTHEAVY
SAT;100-126;STG ELECTRONIC;3;"098 448 845 089 878 822";sophaknarith@gmail.com;NO;DIS-5% EVERY ORDER;CREDIT;NR;PUTHEAVY
MON;100-381;ELCO ENGINEERING(CONSIGNMENT)(sarem981@gmail.com);3;"087 777 981 098 659 559";vanthyda6031@gmail.com;NO;DIS-5% EVERY ORDER;CREDIT;180;PUTHEAVY
TUE;100-190;NAKAMURA(CONSIGNMENT 90MONTHS);3;087 567 007;nakamuracoltd26@gmail.com;YES;NO;CREDIT;180;PUTHEAVY
WED;400-093;ACELLENT DISTRIBUTION CO.,LTD;3;"077 756 555 098 933 319";dara1.heng@gmail.com;NO;NO;CREDIT;180;PUTHEAVY
THU;400-095;FRESKIN COSMETIC(CONSIGNMENT);3;"086 59 51 38 015 345 669 092 168 060 chandian sale";hr@hyundaixteer-kh.com;NO;DIS-3% EVERY ORDER;CREDIT;180;PUTHEAVY
FRI;100-084;DAUN PENH MEDPHARM CO.,LTD.;3;015 666 650;semmonorom@gmail.com;NO;NO;CREDIT;NR;PUTHEAVY
SAT;100-554;REALLY BEST COSMETIC WORLD.;3;093 586 871;bun_chhoeun168@yahoo.com;NO;DIS-5% EVERY ORDER;CREDIT;180;PUTHEAVY
MON;400-207;SPECTRUM (SANOSAN);3;"012 888 896 096 553 4766 092 80 78 82 Telegram";"darasorphorn@spectrumfortune.com darasorphorn@gmail.com";YES;DIS-8% EVERY ORDER;CREDIT;180;PUTHEAVY
TUE;400-029;JY HOTEL;3;087 601 494;jypp.dps@gmail.com;NO;NO;CREDIT;180;PUTHEAVY 
WED;100-297;G.R STETIONERY;3;"092 485 055 098 340 399";"borin@atbc.com.kh mana@loyloy7.com";NO;DIS-3% EVERY ORDER;CREDIT;180;PUTHEAVY
THU;400-105;UNG NGIM TRADING CO.,LTD.;3;"098 206 706 017 333 514";;YES;DIS-5% EVERY ORDER;CREDIT;180;PUTHEAVY
SAT;400-204;S-C-T;3;069 586 926;;NO;NO;CREDIT;180;PUTHEAVY
MON;400-128;SK SEVEN CO.,LTD;3;016 69 78 37 Telegram;;NO;DIS-5% EVERY ORDER;CREDIT;180;PUTHEAVY
TUE;400-151;THAVIN IMPORT & EXPORT CO.,LTD.(CONSIGNMENT);3;016 551 888;;NO;DIS-5% EVERY ORDER;CREDIT;180;PUTHEAVY
WED;400-126;EAP HENG(ZEBRA SHOP);3;011 223 335;sale@zebra-kitchenware.com;NO;NO;CREDIT;180;PUTHEAVY
THU;400-230;TAN FOOD COMPANY;3;"015 777 797 015 555268 016 666 266";;NO;NO;CREDIT;180;PUTHEAVY
FRI;400-217;JLH GLOBAL ( Cambodia ) .Co.,LTD;3;"069 200 888 012 912 727 096 962 5674";prumden.jlh88@gmail.com;NO;NO;CREDIT;180;PUTHEAVY
SAT;100-312;KMV TRADING  Company CO.,LTD;3;016 72 92 99;hempichmolika@yahoo.com;NO;"Dis-5% EVERY ORDER 30% korea ( komex )";CREDIT;NR;PUTHEAVY
MON;400-406;KHEMARAK DEPO;3;096 25 44 978;;NO;NO;CS 6 MONTHS;180;PUTHEAVY
TUE;400-062;CAMBO VICTORIA IMPORT CO.,LTD.;3;069 72 78 71 TELEGRAM;chan.sophanna@gmail.com;NO;NO;CREDIT;180;PUTHEAVY
WED;400-054;ARUNA CO.,LTD.;3;012 812 345;toch.chamroeun@arunawater.com;NO;NO;CREDIT;180;PUTHEAVY
THU;100-438;IBIS;3;015 300 325;chanthou@smpcambodia.org;YES;NO;CREDIT;180;PUTHEAVY
FRI;400-080;RICE & U;3;015 977 678;"sales2ricenu@gmail.com sales1ricenu@gmail.com";NO;Dis-5% EVERY ORDER;CREDIT;180;PUTHEAVY
SAT;100-394;KIREI FOOD(CAMBODIA)CO.,LTD.;3;012 371 547;acc_kireifood@yahoo.com;NO;NO;CREDIT;180;PUTHEAVY 
MON;100-178;Chnai Rachana Co.,Ltd (LYHONG) ក្រុមហ៊ុន ច្នៃរចនា ខូ អិល ធី ដី (នំបញ្ចុក លីហុង);3;099 853 333;;NO;NO;CREDIT;NR;PUTHEAVY
TUE;100-211;CANADA BRAIN TRADING CO.,LTD.;3;"011 499 999 098 656 535 095 969 645";;NO;Dis-5% EVERY ORDER;CREDIT;180;PUTHEAVY
WED;400-089;MONG KUL KHMER;3;"017 515 446 015 515 446";mongkulkhmer@gmail.com;NO;DIS-3% EVERY ORDER;CREDIT;180;PUTHEAVY
THU;400-180;ELEPHANT CAMBODIA - DIS.8%;3;"096 95 38 655 ( telegram ) 017 41 92 44";;NO;NO;CREDIT;180;PUTHEAVY 
FRI;400-232;GBM GLOBAL BIOMATRIX;3;"016 911 126 016 328 282";"mony_mmc@online.com.kh hengwah@online.com.kh";NO;NO;CREDIT;180;PUTHEAVY
SAT;100-154;ONE FRATERNITY.,LTD;3;"098 320 667 085 566 333";;YES;NO;CREDIT;180;PUTHEAVY
MON;100-369;V.V.H Import& Export Co,.Ltd;3;"092 652 636 016 748 739";;YES;NO;CS 6 MONTHS;180;PUTHEAVY
TUE;100-123;CAMKO TOP DISTRIBUTOR CO.,LTD.;3;010 452 577;oeunsokheang@gmail.com;NO;NO;CREDIT;180;PUTHEAVY
WED;100-088;MC TISSUE INDUSTRY;3;"078 800 711 099 222 368";"leak@mctissues.com mctissue@gmail.com";YES;DIS 2% EVERY ORDER;CREDIT;180;PUTHEAVY
THU;400-359;WKP TRADING;3;"078 777 427 093 434 699";;NO;NO;CS 6 MONTHS;180;PUTHEAVY
FRI;100-388;SEOUL KOREA - CONSIGNMENT;3;016 390 998 link;;NO;NO;CREDIT;180;PUTHEAVY
SAT;200-104;SP COSMETIC;3;"098 448 843 012 72 20 15";;NO;NO;CREDIT;180;PUTHEAVY
MON;100-108;TANG CHAN LIM;3;016 639 562;chansaruntcl@gmail.com;YES;2.5% FOR SPACE RENTAL,3% FOR REBATE & VAT-10%;CREDIT;NR;PUTHEAVY
TUE;100-328;T.S.N.R DISTRIBUTION CO., LTD.;3;"010 852 666 098 320 667";"sichan.chin@tsnrgroup.com vanset.ly@tsnrgroup.com huor.sreng@tsnrgroup.com somphors.vorn@tsnrgroup.com";YES;NO;CREDIT;180;PUTHEAVY
WED;100-337;LONG TERM DEVELOPMENT CO., LTD - (VAT);3;093 353 596;kalyaney@ltd-cambodia.com;NO;NO;CREDIT;180;PUTHEAVY
THU;400-166;THIAN WAI THAIN;3;069 515 404;phaniththoung001@gmail.com;YES;NO;CREDIT;180;PUTHEAVY
FRI;100-022;ដា ហុង ហេង អេនធើប្រាយ លីមីធីត/ DA HONG HENG ENTERPRISE LTD;3;"069 515 404 076 60 65 361 TELEGRAM";phalsreyra777@gmail.com;YES;NO;CREDIT;180;PUTHEAVY
SAT;400-171;SCC /long ly;3;015 635 023;lonnigroup@gmail.com;NO;NO;CREDIT;180;PUTHEAVY
MON;100-169;S & TK TRADING CO.,LTD. (Dis25%Forever);3;070 200 582;lonnigroup@gmail.com;NO;25% EVERY ORDER;CREDIT;90;PUTHEAVY
TUE;400-117;SUN LY COMPANY LTD;3;012 93 44 38 line;;NO;NO;CREDIT;180;PUTHEAVY
WED;400-024;ទឹកដោះគោ BABYBIO/CEP;3;012 93 44 38;vichheka.nuon@gmail.com;NO;NO;CREDIT;180;PUTHEAVY
THU;400-088;THINK NATURE (CAMBODIA)CO.,LTD;3;086 61 30 90 TELEGRAM;;YES;NO;CREDIT;180;PUTHEAVY
FRI;400-220;PHNOM PENH BIOPHAMA CO.,LTD;3;"093 888 913 093 25 97 83";ppb.biopharma@gmil.com;YES;NO;CREDIT;180;PUTHEAVY
SAT;100-470;MITCHEL LUCKY(CAMBODIA)Co.,ltd;3;"015 233 363 016 233 363 089 233 363";mitchell_cambodia@yahoo.com;NO;NO;CREDIT;180;PUTHEAVY
MON;100-578;DAUN PENH TADA BOKOR - CONSIGNMENT;3;010 787 078;heangsokdola@gmail.com;NO;NO;CREDIT;180;PUTHEAVY
TUE;400-368;Angel Trading (Cambodia);3;096 618 4552;anjellcambodia@yahoo.com;YES;DIS 5% EVERY ORDER;CREDIT;180;PUTHEAVY
WED;100-509;EARTH HOME CAMBODIA CO ., LTD;3;"016 49 30 34 010 537 898";chhumchanny@gmail.com;NO;NO;CREDIT;180;PUTHEAVY
THU;400-356;AADI SHAKTI IMPORT EXPORT PTE.,LTD;3;096 231 03 21;aadishakticom@yahoo.com;NO;NO;CREDIT;180;PUTHEAVY
FRI;400-385;MEET HENG(CAMBODIA) VAT.,LTD;3;089 917 197;visal.leng@meetheng.com;NO;NO;CREDIT;180;PUTHEAVY
SAT;400-392;We Are One Korean Cosmetic;3;070 393 544;;NO;NO;CREDIT;180;PUTHEAVY
MON;400-174;GATES PHARMACHY;3;"016 216 261 077 343 680 078 934746 098 836141 081 901 678(NEW SALE)";;NO;NO;CREDIT;180;PUTHEAVY
TUE;400-415;ESARANG DENTAL CARE;3;016 582 729 line;;NO;NO;CREDIT;180;PUTHEAVY
WED;400-405;Unique Cosmetic Trading Co.,Ltd;3;"016 582 729 087 770 633  line 085 63 5555";;NO;NO;CREDIT;180;PUTHEAVY
THU;400-556;SRA SOR KHMER ANGKOR Co.,Ltd;3;098 492 828;limlima589@gmail.com;NO;NO;CREDIT;180;PUTHEAVY
FRI;400-431;Aprati Foods (Cambodia) Ltd;3;016 667 276;chum.bunthoeun@apratifoods.asia;NO;NO;CREDIT;180;PUTHEAVY
SAT;400-433;WAX ONE AND KING STELLA PRODUCTS;3;"010 533 788 012 533 788";;NO;NO;CREDIT;180;PUTHEAVY
MON;400-381;HEADINGLEAD BEST OF THE BEST;3;015 26 06 72;sokhany.toun@gmail.com;YES;NO;CREDIT;180;PUTHEAVY
TUE;100-562;MEAN KHIM CO.,LTD. (LACTASOY);3;093 902 300;sinsokmean2018@gmail.com;NO;DIS 2% EVERY ORDER;CREDIT;180;PUTHEAVY
WED;101-008;RZ(បារីចិន)(CONSIGNMENT);3;010 225 549( telegram );;NO;Dis-5% EVERY ORDER;CREDIT;NR;PUTHEAVY
THU;100-049;RITHY SERVICE PRODUCTS;3;016 501 316;rithy.services@gmail.com;NO;Dis-5% EVERY ORDER;CREDIT;90;PUTHEAVY
FRI;100-077;HANA PLUS MART;3;077 788 568;"soksanpop8@gmail.com hong.leakhena@gmail.com sarannyoun22@gmail.com";NO;NO;CREDIT;90;PUTHEAVY
SAT;400-037;CAMKO BROTHERS CO.,LTD.;3;"096 768 3774 010 972 009 085 307 000";lyeng0404@gmail.com;YES;DIS-3% EVERY ORDER;CREDIT;180;PUTHEAVY
MON;100-266;SNADAI KAUN KHMER ENTERPRISE;3;"077 787 162 010 787 162 089 222 287(ACCOUNT)";kongvireak69@gmail.com;NO;DIS-3% EVERY ORDER;CREDIT;90;PUTHEAVY
TUE;100-152;CHINESE CAMBODIA INTERNATIONAL IMPORT EXPORT CO.,LTD.;3;012 337 338 ( telegram );chinesecambodian7@gmail.com;NO;DIS-3% EVERY ORDER;CREDIT;60;PUTHEAVY
WED;100-043;M-LINK ENTERPRISE CO.,LTD.;3;"069 939 990 (SALE) 096 97 64 113 Telegram";mlink.cambodia@gmail.com;YES;NO;CREDIT;90;PUTHEAVY
THU;400-136;KOV VICHET ( អង្ករ );3;010 307 099;;NO;NO;CREDIT;90;PUTHEAVY
FRI;100-053;MI FOODS & BEVERAGE SUPPLY;3;"081 800 095 010 994 252 069 784 047";mifood_info@yahoo.com;NO;Dis-5% EVERY ORDER;CREDIT;90;PUTHEAVY
SAT;100-074;P&T TRADING CO.,LTD.;3;010 768 750;bottra.keo@gmail.com;NO;Dis-5% EVERY ORDER;CREDIT;180;PUTHEAVY
MON;100-176;WING CHINDA;3;011 551 155;313611047@qq.com;NO;DIS-3% EVERY ORDER;CREDIT;90;PUTHEAVY
TUE;400-050;DCNT TRADING CO.LTD.;3;010 62 76 77 telegram;"ac.dcnttrading@gmail.com dcnttrading@gmail.com";YES;DIS-4% EVERY ORDER;CREDIT;90;PUTHEAVY
WED;400-114;L.B.N Angkor (Kompuchea) Phnom Penh   ( អង្ករ );3;016 505 806;;NO;NO;CREDIT;90;PUTHEAVY
FRI;100-127;NOYAKONG GROUP CO., LTD;3;"069 65 68 68 071 523 6666";"symon.beng@noyakong.com saphy168@gmail.com";YES;NO;CREDIT;90;PUTHEAVY
SAT;100-209;Home Rice 114L;3;012 991 262 (telegram );;NO;NO;CREDIT;90;PUTHEAVY
MON;400-236;D&P RICE STORE;3;"087 222 001 012 86 73 26 Telegram";;NO;NO;CREDIT;90;PUTHEAVY
TUE;400-032;TAIWAN FOOD PRODUCT;3;017 388 696;lay5845@yahoo.com;NO;DIS-3% EVERY ORDER;CREDIT;NR;PUTHEAVY
WED;100-041;TANG SENG HOUT CO.,LTD.;3;"011 890 598 010 43 05 75";sale@fafafood.com;NO;NO;CREDIT;90;PUTHEAVY
THU;100-589;Tan Hue Vien;3;069 483 898;lethuy_26@yahoo.com;NO;NO;CREDIT;90;PUTHEAVY
FRI;400-409;OC Trade Plus ( PASSION ) CO.,LTD;3;"010 307 099 010 31 62 70 Account";lenhchenghr12@gmail.com;YES;DIS-2% EVERY ORDER;CREDIT;90;PUTHEAVY
SAT;400-038;YU SRENG;3;081 900 802;kong@yusreng.com;NO;Dis-5% EVERY ORDER;CREDIT;90;PUTHEAVY
MON;400-047;JIN SOON CO.,LTD;3;015 236 632;simsoy696@gmail.com cheamanith@jinsoontcc.com;NO;NO;CREDIT;90;PUTHEAVY
TUE;400-056;MEAN HENG CO.,LTD;3;"078 747 899 010 627 677";;NO;NO;CREDIT;90;PUTHEAVY
WED;100-504;PNT(គោងៀត);3;"068 810 999 017 810 055";pnt.dtbt@gmail.com;NO;NO;CREDIT;90;PUTHEAVY
THU;100-289;NUAN ANONG IMPORT EXPORT CO.,LTD.;3;"010 78 71 62 077 78 71 62";;NO;NO;CREDIT;NR;PUTHEAVY
FRI;100-021;KABBAS;3;017 589 889 LINK;"mk.horeca@gmail.com kb.mt.mamager@gmail.com mk.supr.mt1@gmail.com";NO;Dis-5% EVERY ORDER;CREDIT;90;PUTHEAVY
SAT;100-540;OC TRADE PLUS CO.,LTD (VAT);3;"011 829 996 010 829 996 085 869 888";chomroeunmeanchey@gmail.com;NO;NO;CREDIT;NR;PUTHEAVY
MON;100-586;I2K TRADING CO.,LTD.;3;"097 565 6469 069 483 898";saingvanna321@gmail.com;YES;Dis-5% EVERY ORDER;CREDIT;90;PUTHEAVY
TUE;400-188;KAREM CAMBODIA;3;093 807 585;karemcambodia@gmail.com;NO;Dis-5% EVERY ORDER;CREDIT;90;PUTHEAVY
WED;400-110;IRB;3;081 222 192;;NO;NO;CREDIT;90;PUTHEAVY 
THU;100-058;Vimpex LIMITED;3;"096 522 4018 081 70 95 79 088 25 97 133";thimpaly71@gmail.com;YES;Dis-5% EVERY ORDER;CREDIT;90;PUTHEAVY
FRI;400-199;VSR TRADING;3;098 38 48 81;rithy.sreng168@gmail.com;YES;Dis-5% EVERY ORDER;CREDIT;90;PUTHEAVY
SAT;100-038;HONG HUOT CO.,LTD.;3;"089 45 35 60 089 333 907";vannak@honghuot.com;NO;NO;CREDIT;NR;PUTHEAVY
MON;100-039;HENG SRENG DISTRIBUTOR;3;086 275 011;sarethpeou2016@gmail.com;NO;Dis-5% EVERY ORDER;CREDIT;90;PUTHEAVY
TUE;100-200;COFFEE MK MONDULKIRI CO.,LTD-(VAT);3;017 267 577;po@mondulkiri-coffee.com;YES;NO;CREDIT;90;PUTHEAVY
WED;100-156;Lim Lina CTNA;3;"077 813 383 081 85 71 71 012 83 70 65";"oudom.mean@cp-a.com srenghuor542@gmail.com";NO;NO;CREDIT;90;PUTHEAVY
THU;100-571;SADA INVESTMENT;3;"012 801 282 011 522 110 015 522 110";"bunpheng66@gmail.com semrathna321@gmail.com";NO;Dis-5% EVERY ORDER;CREDIT;90;PUTHEAVY
FRI;100-128;VITAL WATER(NVC);3;010 647 357;puthea.huon@vital.com.kh;YES;NO;CREDIT;90;PUTHEAVY
SAT;100-436;ANGKOR COFFEE;3;"015 538 567 015 764 869";angkorcoffee@gmail.com;NO;DIS-4% EVERY ORDER;CREDIT;90;PUTHEAVY
MON;100-296;CHHUN CHHUN;3;015 622 678 line;;NO;NO;CREDIT;NR;PUTHEAVY
TUE;400-383;S.G;3;016 553322 line;;NO;NO;CREDIT;90;PUTHEAVY
WED;400-408;HMF;3;"095 20 30 93 line 015 62 15 15";;NO;NO;CREDIT;90;PUTHEAVY
THU;100-107;TANG LAYSIM IMPORT EXPORT CO.,LTD.;3;012 677 977;info.tanglaysy@yahoo.com;NO;Dis-5% EVERY ORDER;CREDIT;90;PUTHEAVY
FRI;100-185;HENG PIDETH TRADING CO.,LTD.;3;"093 41 34 39 Telegram  015 888 743";heng.pideth@yahoo.com;YES;Dis-5% EVERY ORDER;CREDIT;90;PUTHEAVY
SAT;100-094;AK CAMBODIA TRADING CO.,LTD.(ទឹកត្រចៀកកាំ);3;098 44 43 58;keoyou.tt7@gmail.com;YES;Dis-5% EVERY ORDER;CREDIT;NR;PUTHEAVY
MON;100-138;CONFIREL CO.,LTD.;3;"077 333 876 081 334 488 077 54 33 08 096 28 34 198 Telegram";"thornghuttaro@gmail.com potdom@cofirel.com salesadmin@cofirel.com";NO;DIS-10% EVERY ORDER;CREDIT;90;PUTHEAVY
TUE;100-218;SKG Food;3;"096 65 60 289 line 012 777 339 Telegram";;NO;DIS-3% EVERY ORDER;CREDIT;90;PUTHEAVY
WED;100-290;KC FOODS;3;"012 668 899 012 677 977 016 696 387";order@kcfood.biz;NO;NO;CREDIT;90;PUTHEAVY
THU;100-195;ORAL GROUP;3;"092199168 011228822 092 199 168 092 199 168";;NO;NO;CREDIT;NR;PUTHEAVY
FRI;400-046;SIN VENG YU/COFFEE COMPANY;3;"070 816 333 016 71 31 71";ao@trytimexgroup.com;NO;DIS-20% EVERY ORDER;CREDIT;90;PUTHEAVY
SAT;100-275;CAMBODIAN HARVEST DRIED FRUIT CO.,LTD.(VAT);3;"015 544 555(GM) 070 944 168(sale)";"chhengvormsc@gmail.com rath_sopheak@cambodianharvest.com";YES;NO;CREDIT;NR;PUTHEAVY
MON;100-141;INDOCHINA ROYA BEVERAGE PTE.,LTD.;3;096 28 34 198;naro@indochina-rb.com;NO;DIS-5% EVERY ORDER;CREDIT;NR;PUTHEAVY
TUE;100-356;NGOV HENG FOOD PRODUCTION OF KAMPOT;3;"016 67 58 27 ( telegram ) 086 48 96 38";socheat.ngovheng@gmail.com;NO;DIS-2% EVERY ORDER;CREDIT;90;PUTHEAVY
WED;100-549;SOEUN SAMNANG INTERNATIONAL TRADE CO., LTD - CONSIGNMENT;3;"069 349 349 069 326 326";;NO;NO;CREDIT;90;PUTHEAVY
THU;100-506;KIM NGUONLY COFFEE SHOP;3;086 888 178;;NO;NO;CREDIT;90;PUTHEAVY
FRI;100-398;CHAY MAO COFEE(CONSIGNMENT)90MONTHS;3;086 888 178;tan_paris@yahoo.com;NO;DIS-5% EVERY ORDER;CREDIT;90;PUTHEAVY
SAT;400-223;LUCKY DRINK SHOP;3;023 457 2222;luckydrinkshop@gmail.com;NO;DIS-2% EVERY ORDER;CREDIT;90;PUTHEAVY
MON;400-214;Eau Sela Natural Water ( ទឹកបរិសុទ្ធអូសិលា);3;015 52 42 52;;YES;NO;CREDIT;90;PUTHEAVY
TUE;100-057;IKVM;3;"096 644 96 36 010 733 703";radysoy.ikvm@gmail.com;NO;DIS-5% EVERY ORDER;CREDIT;90;PUTHEAVY
WED;100-383;PPT INTER TRADE CO., LTD(288 DRINKS SUPPLY);3;070 272 127;chanthan@pptintertrade.com;YES;NO;CREDIT;90;PUTHEAVY
THU;100-396;HAPPY COFFEE CO.,LTD.LTD.;3;"016 599 981 012 626 309";;NO;DIS5% EVERY ORDER;CREDIT;90;PUTHEAVY
FRI;400-384;SC&T INTERNATIONAL TRADING CO.,LTD;3;"012 29 23 34 098 527 105 010 595 695  096 505 90 09 Tegram";vandyheng81@gmail.com;YES;NO;CREDIT;90;PUTHEAVY
SAT;100-045;AGRO FRESH TRADING CO.,LTD.;3;"077 509 627 096 903 79 57";seasamoth@yahoo.com;NO;DIS5% EVERY ORDER;CREDIT;NR;PUTHEAVY
MON;400-122;HONG PHANA;3;092 5 32 006;simsoy696@gmail.com;NO;DIS-3% EVERY ORDER;CREDIT;90;PUTHEAVY
TUE;100-320;NEW IDEA ENTERPRISE;3;016 246 800;"limphara1979@gmail.com sopheatsok234@gmail.com";NO;NO;CREDIT;90;PUTHEAVY
WED;100-081;VINITON (GROUP) CO.,LTD  បារីអង្គរ;3;;;NO;NO;CREDIT;NR;PUTHEAVY
THU;400-161;VISTALAB(CAMBODIA)CO.,LTD.;3;"097 888 63 88 069940009";;YES;DIS-3% EVERY ORDER;CREDIT;90;PUTHEAVY
FRI;400-153;CKM Vinissimo;3;"096 540 40 80 096 792 7372(Boss)";;NO;NO;CREDIT;90;PUTHEAVY
SAT;100-087;ANCO BROTHER CO.,LTD.(VAT);3;099 388 318;rith@ancogroup.com;YES;NO;CREDIT;NR;PUTHEAVY
MON;100-516;HENGLONGELECTRONICS;3;012 933 725;SALE@HENGLONGE.COM;NO;DIS5% EVERY ORDER;CREDIT;90;PUTHEAVY
TUE;400-049;GOLDEN YEM (CONSIGNMENT)(ម្រំ);3;"096 29 44 283 Telegram 092 33 83 78";hoeurngp@gmail.com;YES;DIS5% EVERY ORDER;CREDIT;90;PUTHEAVY
WED;400-412;LOR EAK HENG SEK MEAS RICE CO.,LTD;3;"070 95 95 88 088 68 67 68";;NO;NO;CREDIT;90;PUTHEAVY
THU;400-031;SUNFIELD CO.,LTD;3;093 807 585;;NO;NO;CREDIT;NR;PUTHEAVY
FRI;400-423;Ela Plus Enterprise;3;096 69 93 503 LINE;;NO;NO;CREDIT;90;PUTHEAVY
SAT;400-083;NEXT GENERATION DISTRIBUTION CO., LTD.;3;012 98 12 44;chanthol_chhim@bat.com;YES;NO;CREDIT;NR;PUTHEAVY
MON;400-566;C S L ( CONSINGMENT 180 MONTHS);3;010 88 34 39;khcslenterprise@gmail.com;NO;NO;CREDIT;90;PUTHEAVY
TUE;400-437;K.C.C.V PLANTATION CO.,LTD;3;"069 33 75 78 077 21 04 84";sothavuthchheng@yahoo.com;NO;NO;CREDIT;90;PUTHEAVY
WED;400-440;CNS COSMO CO.,LTD;3;010 323 973;Simchomnol168@gmail.com;NO;NO;CREDIT;90;PUTHEAVY
THU;400-559;SOPHEN BOPHA(CAMBODIA) CO.,LTD.;3;"016 320 389 LINE 088 27 86 118";;NO;NO;CREDIT;90;PUTHEAVY
FRI;400-571;Versailles Beaute Paris;3;097 888 63 88;;NO;NO;CREDIT;90;PUTHEAVY 
SAT;400-451;UPA UNITED PRO ADVANCE CAMBODIA;3;"096 65 000 96 096 3 2222 72 Talegram";;NO;NO;CREDIT;180;PUTHEAVY
MON;400-453;NANA NUNANIT;3;010 24 62 63 Telegram;;NO;NO;CREDIT;180;PUTHEAVY
TUE;400-452;TS BEVERAGE (CAMBODIA) CO.,LTD;3;096 678 5551 Telegram;;NO;NO;CREDIT;90;PUTHEAVY
WED;400-585;C'EST LA VIE;3;"067 66 07 86 098 66 07 86 011 772 226";;NO;NO;CREDIT;90;PUTHEAVY
THU;400-434;VNK CORPORATION LTD - (VAT);3;"011 53 54 36 016 718 747";;YES;NO;CREDIT;90;PUTHEAVY
FRI;400-578;CAMSOLID CO.,LTD;3;"093 999 548 Telegram 099 747 935";;NO;NO;CREDIT;90;PUTHEAVY
SAT;100-489;OKF & SS ADVENTURES CO.,LTD.;3;"015 222 851 090 697 555 010 831 891 telegram: Vuth Tak";vuthtak@gmail.com;YES;DIS5% EVERY ORDER;CREDIT;90;PUTHEAVY
MON;400-169;LY THEA TRADING CO.,LTD.(CONSIGNMENT 90MONTHS);3;"015 822 821 097 822 821 011 535 395";thealy_888@yahoo.com;NO;NO;CREDIT;90;PUTHEAVY
TUE;400-347;D&R Distribution;3;"070 810 005 012 86 73 26 Telegram";;NO;NO;CREDIT;90;PUTHEAVY 
WED;100-186;SVY;3;"096 41 45 242 telegram 011 36 46 24";svy.cam@gmail.com;NO;DIS-3% EVERY ORDER;CREDIT;90;PUTHEAVY
THU;400-170;RAKIMLONG TEA;3;093 911 950;rakimlong69@gmail.com;NO;NO;CREDIT;90;PUTHEAVY 
FRI;100-587;HENG YONG INTERNATIONAL TRADING (CONSIGNMENT);3;"010 306 062 017 306 062";"lim.horpheng@gmail.com kuysan_lim@yahoo.com";NO;NO;CREDIT;NR;PUTHEAVY
SAT;100-591;SAVE CAMBODIA'S WILDLIFE(CONSIGNMENT 180MONTHS)(ទឹកឃ្នុំ);3;"031 3333 031 081 214 777 Telegram";dypong@cambodiaswildlife.org;NO;DIS 10% EVERY ORDER;CREDIT;90;PUTHEAVY
MON;400-182;CHIP SRUN;3;"093 919 156 098 935 537 (telegram: LY HOUR)";chanveasna.hun@chipmong.com;NO;NO;CREDIT;90;PUTHEAVY
TUE;100-226;OAO CAM CORP;3;092 595 856;inoctober@naver.com;NO;NO;CREDIT;90;PUTHEAVY
THU;400-208;SELA PEPPER CO.,LTD(CONSIGNMENT 180MONTHS);3;015 778 178;"sales@selapepper.com chanleak@selapepper.com";NO;DIS 5% EVERY ORDER;CREDIT;90;PUTHEAVY
FRI;400-212;GOLD CASHEW;3;"012 991 221 069 991 221";goldpalm.org@gmail.com;NO;NO;CREDIT;90;PUTHEAVY
SAT;400-234;SINOWAY CO.,LTD.(ត្រជាក់);3;"086 789 958 093 410 231";lukejunyu16@outlook.com;NO;NO;CREDIT;90;PUTHEAVY
MON;400-125;H.S.H (CHANGE TO LY LY);3;070 928 824;f.salesadmin@bpctrading.com.kh;NO;NO;CREDIT;90;PUTHEAVY
WED;100-427;SAMBATHVATHANAK;3;"0234666666 085330866";rice_department@sambath-vathanak.com;NO;NO;CREDIT;90;PUTHEAVY
THU;400-238;SREY OUN;3;"0963363006 089824395";;NO;NO;CREDIT;90;PUTHEAVY
FRI;400-361;EZER HEALING FOOD CO.,LTD - CONSIGNMENT;3;"010 815 882 TELEGRAM 071 928 8550";duongmichveha@gmail.com;NO;NO;CREDIT;90;PUTHEAVY
SAT;400-219;GAE (GOLDSTAR APAC ENTERPRISES);3;;;NO;DIS 10% EVERY ORDER;CREDIT;90;PUTHEAVY
MON;400-366;APSARA RICE RICE(CAMBODIACO).,LTD.;3;099 567 956;rmk.mtlmt1@gmail.com;NO;NO;CREDIT;90;PUTHEAVY
TUE;400-364;UNBOXED MAKETING;3;069 707 773;chanteka@unboxedmkt.com;YES;NO;CREDIT;90;PUTHEAVY
WED;400-363;CHOMROM TNAUT;3;"096 833 7773 010 818 489(NEW)";;NO;NO;CREDIT;90;PUTHEAVY
THU;400-378;Natural Honey;3;011 333 982;;NO;NO;CREDIT;90;PUTHEAVY 
FRI;400-377;SEO WON HARP AND GOLDEN BOWL (CONSIGNMENT);3;012 461 276 Telegram;Thealy_888@yahoo.com;NO;NO;CREDIT;90;PUTHEAVY
SAT;400-335;BTI MARKETING & TREVEL CO.,LTD.;3;092 888369;account@bti-marketing.net;NO;"DIS-20% do not pay listing code";CREDIT;90;PUTHEAVY
MON;100-020;MEMOT VENTURE CO.,LTD.;3;"016 661 502 096 40 74 136 Telegram";sale01@memotventure.com;YES;DIS5% ( dicount on cost );CREDIT;90;PUTHEAVY
TUE;100-096;HENG HAK HENG TRADING CO.,LTD.;3;016 765 757;"henghakheng168@gmail.com hongphea168@gmail.com";YES;NO;CREDIT;90;PUTHEAVY
WED;101-187;Extra Virgin Coconut Oil;3;"017 912 019 096 720 4583";uyratanak@yahoo.com;NO;order 24+1unit Dis 30%;CREDIT;90;PUTHEAVY
THU;400-386;Haruko Daiki Co.,ltd (Consingment);3;"061 200 057 085 833309 (telagram: haruku sale)";;YES;NO;CS 6 MONTHS;90;PUTHEAVY
FRI;400-398;PYREMEES Gourmets (Condignment );3;"BONG TY'S FRIEND 069 774 954";;NO;NO;CS 6 MONTHS;90;PUTHEAVY
SAT;400-399;GOLDEN H H Co., LTD.;3;"085 666 848 085 666 580 098 892 888 (TEANG TELAGRAM) 093 737 818 (sale Telegram )";sales@dnwd.biz;NO;NO;"CS 6 MONTHS SEP-MARCH 2020";90;PUTHEAVY
MON;400-403;BOUY MENG HONG(MILDDA MILK);3;"070 278 787 088 700 0001";;NO;NO;CREDIT;NR;PUTHEAVY
TUE;400-393;Hun Hor Wholesale;3;"097 67 70 003 Telegram  096 57 70 003";;NO;NO;CREDIT;90;PUTHEAVY
WED;400-424;HONEY MANUKA TRADINF CO.,LTD;3;096 7015 004 ( telegram );rachnanss@gmail.com;NO;NO;"CS 6 MONTH (DEC 2019 TILL MAY 2020)";90;PUTHEAVY
THU;100-592;SANTA BECAM TRADING CO.,LTD;3;"011 666 677 096 8389045(TELE: SALE IVY)";;YES;NO;"CS 6 MONTH (DEC 2019 TILL MAY 2020)";90;PUTHEAVY
FRI;400-557;XIYUANXING INTERNATIONAL TRADE CO., LTD;3;"011 838 171 078 589 633";"18602398053@163.COM 709324320@qq.com";YES;NO;"CS 3 MONTH JAN TILL APRIL 2020";90;PUTHEAVY
SAT;400-418;BALLI NIPPERS;3;"093 724 224 085 622 499 088 873 5292 010 544 585(LINE)";;NO;NO;CREDIT;90;PUTHEAVY
MON;400-428;A T FOODS Co.,Ltd;3;"092 672 894 096 768 3774 071 700 08888";at.foods168@gmail.com;NO;NO;CREDIT;90;PUTHEAVY
TUE;400-560;HERBA (CAMBODIA) CO.,LTD;3;"010 791 218 081 999 15";samnangk@herbacambodia.com;NO;NO;CREDIT;90;PUTHEAVY
WED;400-201;SLN FOOD SUPPLY;3;"098 316 5970 097 748 2538";"leakhenasouk63@gmail.com hlsdistribution@gmail.com";NO;NO;CREDIT;90;PUTHEAVY
TUE;400-441;F CAFE ORGANIC;3;"085 334 041 070 334 041";mikthona.chab@gmail.com;NO;NO;CREDIT;90;PUTHEAVY
WED;400-572;DYNITH MANUFACTURING INDUSTRIAL CO.,LTD;3;"088 933 88 99 015 838 575(telegram: sale dynith) 093 975 926 ( Tragram)";sales@dynithmf.com;NO;NO;CREDIT;90;PUTHEAVY
THU;400-574;SRE KHMER;3;097 8234156 Telegram:;;NO;NO;CREDIT;90;PUTHEAVY
FRI;400-576;Golden Honey Farm;3;"096 79 88 388 097 79 88 088";;NO;NO;CREDIT;90;PUTHEAVY
SAT;400-579;CHETHA VIPHOU Trading Co.,Ltd;3;"012 300 240 081 719 093";ngeth.lina@yahoo.com;NO;NO;CREDIT;90;PUTHEAVY
MON;400-582;ROYAL TEA PRODUCTS;3;"087 339 316 089 268 535 TELEGRAM";;NO;NO;CREDIT;90;PUTHEAVY
TUE;400-034;A.S.R Flour Co.,Ltd;3;070 272 272;asr.purchasorder@gmail.com;NO;NO;CREDIT;90;PUTHEAVY
WED;400-583;KANGDELI;3;010  996 369;;NO;NO;CREDIT;90;PUTHEAVY
THU;400-243;TSNAIL THAILAND;3;096 745 5201;ummachien@gmail.com;NO;NO;CREDIT;90;PUTHEAVY
FRI;100-011;HENG YI;3;"012 653 993 015 827 352";seanghengyi@gmail.com;NO;NO;CREDIT;NR;PUTHEAVY
SAT;400-176;SEPPACAM PHALIT THOUB;3;"012 911 339 015 757 761 096 322 2104 ( Telegram )";"agaragarwood@gmail.com chhayly.sreng@gmail.com leangheng.sreng@yahoo.com";NO;NO;CREDIT;90;PUTHEAVY
MON;100-014;SUTL CORPORATION(CAMBODIA)PTE LTD;3;"081 47 41 07 069 37 39 29";"yeat.sinatha@gmail.com chansovann069@gmail.com";YES;NO;CREDIT;90;PUTHEAVY
WED;100-301;ERAGOLD CORPORATION (VAT);3;"096 55 67 047 093 80 75 85";lenhchenghr12@gmail.com;NO;NO;CREDIT;90;PUTHEAVY 
THU;400-586;MGL DISTRIBUTION;3;"017 237 304 017 771 687(TELEGRAM: SALE MGL)";"vongsok168@gmail.com reatreyy001@gmail.com";NO;NO;CREDIT;NR;PUTHEAVY
FRI;400-155;cuties;3;016 2222 90 Telegram;cuties888888@gmail.com;NO;NO;CREDIT;NR;PUTHEAVY
SAT;100-054;HONG TE;3;"016 93 48 30 012 52 91 97 Telegram";longsithol@yahoo.com;NO;NO;CREDIT;90;PUTHEAVY
MON;100-541;KONG NUON GROUP CO., LTD - VAT;3;"089 856 824 TELEGRAM 010 856 824 092 555 416";;NO;NO;CREDIT;180;PUTHEAVY
TUE;400-573;CLIO CAM CO LTD;3;085 717 999 TELEGRAM;;NO;NO;CS 6 MONTHS;180;PUTHEAVY
THU;100-520;S.P.F 11808 CO.,LTD;3;"086 54 14 64 089 80 71 46 TELEDGRAM";;YES;NO;CREDIT;180;PUTHEAVY
FRI;100-149;ARTHEMIS CO.,LTD.(VAT);3;086 444 927 TELEGRAM;;NO;NO;CREDIT;180;PUTHEAVY
SAT;400-471;Dragon Powder M&D Co., Ltd.;3;"016 585 539 015 938 777";;YES;NO;CREDIT;90;PUTHEAVY
MON;400-595;90D BROTHER INVESTMENT CO.,LTD;3;"016451333 012451333 TELEGRAM 017323723";;YES;NO;"CS 3 MONTHS 21.10.20 to 21.01.2021";180;PUTHEAVY
WED;400-591;KS FINE LINE CO.,LTD;3;"099 222 368 077 222 368";;YES;NO;CREDIT;180;PUTHEAVY
FRI;400-447;RARY HANDYCRAFT;3;015 60 20 31 TELEGRAM;;NO;NO;CREDIT;90;PUTHEAVY
SAT;400-562;KHMER ANGKOR TRADING CO.,LTD;3;017 434 181 telegram;;NO;NO;CREDIT;90;PUTHEAVY
MON;400-594;Marketwide Distribution;3;096 20 22 670 TELEGRAM;;NO;NO;CS 3 MONTHS;180;PUTHEAVY
WED;400-459;KHMER KR MAXIM (CAMBODIA) CO.,LTD.;3;087 222 549 ( telegram );;YES;NO;CS 3 MONTHS;90;PUTHEAVY
FRI;400-590;COMMUNITY PHARMA CO.,LTD;3;"098 520 665 066 212 999";;NO;NO;CREDIT;90;PUTHEAVY
TUE;400-456;RSL DISTRIBUTION;3;"012 488 696 016 488 696";;NO;NO;CREDIT;180;PUTHEAVY
WED;100-247;PENG SENG DOCTOR WATER CO., LTD;3;"098 556 505 Telegram 010 681 965";;NO;NO;CREDIT;180;PUTHEAVY
THU;400-276;S.A.P FMCG TRADING CO.,LTD;3;098 762 192 Telegram;;NO;NO;CREDIT;180;PUTHEAVY
FRI;400-464;VeGGy's (Cambodia) Co., Ltd.;3;"078 878 666 012 515 515";;NO;NO;CREDIT;180;PUTHEAVY
SAT;400-476;Khmer Foods Group Co., Ltd.;3;086 900 647;;NO;NO;CREDIT;180;PUTHEAVY
MON;100-003;DKSH (CAMBODIA) LTD. (VAT);5;"067 222 944 b pisey ( foods) 069 6000 82 031 333 0040 b sokchea (dumex)";pisey.samrith@dksh.com;YES;NO;CREDIT;180;PUTHEAVY
TUE;400-467;MDC;3;096 26 27 718 ( telegram );;NO;NO;CREDIT;90;PUTHEAVY
WED;400-468;VENG CHHEANG TRADING CO.,LTD;3;"012 350 514 ( telegram ) 086 350 514";;YES;NO;"CS 6 MONTHS 12-03-2021 to 12.06.2021";90;PUTHEAVY
THU;400-612;R-Y DISTRIBUTION CO.,LTD.;3;"0974927890 0967572901";;NO;NO;CS 6 MONTHS (25.02.2021 to 25.05.2021);30;PUTHEAVY
TUE;100-009;HHK INTERNATIONAL CO.,LTD. (VAT);3;"016 663 111 078 555 036 077 817 036 (New Salesman)";;YES;NO;CREDIT;NR;PUTHEAVY
WED;400-611;TWO K (CAMBODIA)CO.,LTD;3;086 61 30 90 TELEGRAM;;YES;NO;CREDIT;180;PUTHEAVY
MON;100-232;AUSKHMER (FOOD);3;"017 222 530 086 56 86 84";"food-keyaccount@auskhmer.com foodsale6@auskhmer.com foodsale10@auskhmer.com";YES;DIS2% Only food;CREDIT;90;NORIN
TUE;400-075;KP;3;"081 905 068 096 258 8883";kpdistributor168@gmail.com;NO;NO;CREDIT;90;NORIN
WEN;100-002;HANDICRAFT;3;012 399 962;centbun@yahoo.com;NO;NO;CREDIT;14;NORIN
THU;400-173;NEM BATTAMBONG;3;087 807 668 / (011 53 63 73 Telegram);;NO;NO;CREDIT;14;NORIN
SAT;400-187;PS PREMIUM SUPPLIES;1;;xofoodanddevelopment@gmail.com;NO;NO;CREDIT;NR;NORIN
MON;400-042;ANGKOR DAIRY PRODUCTS CO.,LTD;3;"096 376 7976 087 262 616 093 241 618(account) 096 398 2119(TELAGRAM: SOPHEA)";"sophat.koem@angkormilk.com.kh but_piseth@angkormilk.com.kh ny_pharath@angkormilk.com.kh";YES;NO;CREDIT;90;NORIN
TUE;100-201;SONAVITH;3;;"sale_supervisor@sonavith.com stock_mgt@sonavith.com account-assistant3@sonavith.com ky_socheata@sonavith.com sale-supervisor@sonavith.com";YES;NO;CREDIT;90;NORIN
WEN;100-539;MODERN;3;016 324 656;"sreyphors.p@mpp-plastic.com sales.admin@mimextrading.com betagen@mimextrading.com";NO;NO;CREDIT;90;NORIN
THU;100-093;THAI HUOT;3;095 333 770 TELAGRAM:SAM OL;sales@thaihuot.com;NO;NO;CREDIT;NR;NORIN
FRI;100-059;NOUN FOOD;3;"093 592 646 012 452 210";channouncheas@yahoo.com;NO;NO;CREDIT;NR;NORIN
SAT;100-069;AUSKHMER (WINE);3;"085 457 777 (Manager) 017 222 781 (New Sale) 070 360 678 (Telegram Sale)";"sokmean.tiv@auskhmer.com winesales2@auskhmer.com";YES;NO;CREDIT;90;NORIN
MON;100-050;LSH;7;"010 774 308/070 658 57/ 015 333 612 010 230 233 (Telegram)";saleadmin01@lshcam.com;NO;Discount 5%All ដកតែmilk Juice and wine;CREDIT;90;NORIN
TUE;100-044;LEE'S FOOD;3;"078 777 180 077 777 015 098 307 272";"leesretail.kh@leesfrozen.com soen123@yahoo.com";NO;NO;CREDIT;90;NORIN 
WEN;100-055;PEN INVESTMENT NATURAL GOODS CO.,LTD.;3;087 623 134;"ping.vuthynhoung@gmail.compingconsumer.trading@gmail.com";NO;NO;CREDIT;90;NORIN 
THU;400-430;PING CONSUMER TRADING CO.,LTD.;3;"092 666 679 012 914 272(sale manager)";;NO;NO;CREDIT;90;NORIN 
FRI;100-120;M ASIA;3;"078 828 351 089 616 713";"sales@mac-kh.com info@mac-kh.com";NO;DIS 20%;CREDIT;NR;NORIN
MON;400-382;CYCS;3;"095 777163(rithea) 095 777 962 (nayheng) 015 691 337(HR) 095 777 643 (SALE)";"nayheng.yut@cycs.com raiya.sarath@cycs.com rithea.sao@cycs.com phally.you@cycs.com";YES;NO;CREDIT;90;NORIN
TUE;400-063;PP PERFECT;3;087 998 666;"rithyk62@gmail.com dara.ry@ppcambodia.com rith@ppcambodia.com";NO;"DIS 3% NO VAT";CREDIT;NR;NORIN 
WEN;400-439;HH Trading;3;"098 679 992 069 633 398 098 663 153 017 663 153";"LINE: Khunva ss@hourhuot.com";NO;NO;CREDIT;90;NORIN
THU;100-070;RANDONAL DISTRIBUTOR;3;081 555 064;;NO;NO;CREDIT;NR;NORIN
FRI;400-446;MAK MENGHONG;3;"012 622 590 012 579 787 070 579 787 line: LINA TELAGRAM: SENG CHAMONIKA";;NO;NO;CREDIT;NR;NORIN
SAT;400-164;Natural Prahok Khmer;2;"069 885 597 016 763 841 TELAGRAM :PISETH";;NO;NO;CREDIT;NR;NORIN
MON;400-145;BTL (HONILAC);3;010 222 620;khornprak007@gmail.com;NO;NO;CREDIT;90;NORIN 
TUE;100-150;DKSH(ABBOTT);7;"010 785 845/017 283 285 077 600 209( phearum dksh) SALE (086 345 067) DUMEX 067 333 743 / 081 264 466 (Sales Dumex)";"tepsaroath.keo@dksh.com om.makara@dksh.com.kh sophea.kea@dksh.com(sup dumex) rathny.leang@dksh.com rotna.seng@dksh.com(sale dumex) heng.kim@dksh.com";YES;NO;CREDIT;90;NORIN
THU;100-015;ANNAM CAMBODIA;3;"015 778 779 098 214 888 (Marketing) / 098 654 222 (Sup. Telegram)";"mt-rep1@annam-cambodia.com sreynou@annam-cambodia.com mt-rep4@annam-cambodia.com dara.sokhan@annam-cambodia.com ratanak@annam-cambodia.com";NO;NO;CREDIT;90;NORIN 
FRI;100-010;GOODHILL SHAMPOO;7;"077817036 (New Salesman) 098 706 111(good hill account) 087 350 587(SUPERVISOR)";"sokdanh.uy@goodhill.com.kh kimhak.han@goodhill.com.kh sonya.sin@goodhill.com.kh";NO;NO;CREDIT;NR;NORIN
MON;100-135;GOODHILL FOOD;7;"070 240 567(ream) 093 683 372 (Sup-Channa) 096 384 7067(telegram:cheatra)";"sothearoth.kav@goodhill.com.kh sophea.phoeun@goodhill.com.kh channa.lan@goodhill.com.kh";NO;NO;CREDIT;NR;NORIN 
TUE;400-055;MI KONG BEY;3;"(012 588 085 Telegram) 012 999 993 010 588 085 (Sales)";;NO;NO;CREDIT;NR;NORIN 
WEN;100-042;JIN MASTER;3;"012 877 526 086 6000 77 (Telegram)";jinmaster168@gmail.com;NO;NO;CREDIT;RETURN WHEN THE ITEMS EXPIRED;NORIN
THU;400-332;TOK WOORISOOL CO.LTD;3;017 45 45 71 (Manager);"phanpheakdey708@yahoo.com daisikpark894@gmail.com baraingleng@gmail.com tokwoorisool@gmail.com";NO;NO;CREDIT;90;NORIN
FRI;400-064;LOTUS IMPORT;3;010 912 777;"vuthy@lotuscambodia.com sokkhoeurn@lotuscambodia.com";YES;DIS 3%;CREDIT;NR;NORIN
SAT;100-028;TAN BROTHERS;3;012425787      /012997049;"pdm@tanbrothersauto.com nhimtoranny81@gmail.com";NO;NO;CREDIT;180;NORIN
MON;100-215;TAN BROTHERS wine;3;;;NO;NO;CREDIT;NR;NORIN
TUE;400-138;GBC;3;;chantha គ្រឿងបរិក្ខា;NO;NO;CREDIT;90;NORIN
WEN;400-200;STR;3;017 666 618/070 300 022;acc@strctrading.com;YES;CONSIGNMENT;CREDIT;90;NORIN
THU;400-109;BELLE FRANCE;3;;"heng_leanghak@yahoo.com ahleang4181@gmail.com";NO;NO;CREDIT;90;NORIN
FRI;400-334;SUSTAINABLE (khmer green charcoal);3;;sales@kgc-cambodia.com;YES;NO;CREDIT;NR;NORIN
SAT;400-237;GOLD PANDA;3;071 9999 541/ 016 260 313;goldpadacambodia@gmail.com;NO;NO;CREDIT;90;NORIN
MON;400-568;PRINCE CONSUMER;3;016 919 016 / 098 212 820 (Sale Telegram);LINE: Chanthy Than;NO;NO;CREDIT;90;NORIN
TUE;400-404;Mosquito Repellent;3;;dharma.cosmetics.laboratory@gmail.com;NO;NO;CREDIT;NR;NORIN
WEN;400-039;VMH  TRADING CO.,LTD.;3;"012 778 846 011 380 839(PUSEY)";"menglayhe@online.com.kh menglayhe46@gmail.com sdltranding@gmail.com";NO;NO;CREDIT;90;NORIN
THU;400-112;RINGACAM INVESTMENT(ម្រំ) -CONSIGNMENT;3;092 578 123;moringacam@gmail.com;NO;NO;CREDIT;90;NORIN
FRI;100-452;ORCHEL ORGANIC FARM(CONSIGNMENT);3;016 979 555;porkoung@orchelfarm.com;NO;DIS-5%;CREDIT;90;NORIN
SAT;400-160;AUNG NAY LINHTUN(CAMBODIA)CO.,LTD.(CONSIGNMENT);3;012 869 219;buntha1221@gmail.com;NO;NO;CREDIT;90;NORIN
MON;400-030;KCV DISTRIBUTION CO.,LTD.COLGAT (012 644 461)manager;3;"099 348 648 070 929 300(SALE)";pheap.duch@kcv.com.kh;YES;NO;CREDIT;90;NORIN
WEN;400-179;HBI IMPORT EXPORT CO.,LTD.(CONSIGNMENT 3 MONTHS);3;;"touch.theara@hbi-kh.com neth.sopheara@hbi-kh.com";YES;NO;CREDIT;90;NORIN
THU;100-065;UNT (DRY);7;"010 359 777( B.SOPHY) 010 940 777(SALE SIHA) 010 903 777(Dry food) 012 979238(Dry food) 081 356 575 (Mineral water, Nescafe (Telegram) 011 616 575 (Samnang Ice Cream) 096 426 8300(Cowhead, Hwa Tai, Oldtown) 093 668 777(NAM THAI:TELEGRAM)";"ngethsophy@untwholesale.com sales@untwholesale.com ketya@untwholesale.com tinaro@untwholesale.com pheang.lim@untwholesale.com samnang.toem@untwholesale.com(SALE NESTLE) incheyrithy@untwholesale.com (cowhead) seakly@untwholesale.com(lactasoy)";YES;NO;CREDIT;NR;NORIN
FRI;400-443;UNT WHOLESALE CO.,LTD - (CHILL|FROZEN);14;;;NO;NO;CREDIT;NR;NORIN
SAT;400-444;UNT (ICE CREAM);7;;;NO;NO;CREDIT;NR;NORIN
MON;100-588;DK DAIRY CO.,LTD.;3;098 390 820(SALE);;NO;DIS-5%;CREDIT;90;NORIN
TUE;400-102;ORGANIC GREEN TEA;3;011 55 11 55;tombandos@gmail.com;NO;DIS-3%;CREDIT;90;NORIN
WEN;400-206;FAMILY PLANTATION(CONSIGNMENT 3MONTHS);3;012 986 388;sungkam87@gmail.com;NO;NO;CREDIT;90;NORIN
THU;100-311;KY SIV CHHENG (PROTEIN FOODS);3;012 882 737;;NO;NO;CREDIT;90;NORIN
FRI;400-209;INDOGUNA CAMBODIA;3;070 888 724;ssaing@indoguna-cambodia.com;YES;DIS-3%;CREDIT;NR;NORIN
SAT;400-058;Jack Food Co., Ltd;3;012 62 63 09 (Manager);sale@jacksfood.net;NO;NO;CREDIT;90;NORIN
MON;400-438;MOONLIGHT WINE & BEVERAGE CO.,LTD;3;"088 88 79 735 070 567 666(TELEGRAM)";;NO;NO;CREDIT;90;NORIN
TUE;100-530;FMCG CAMBODIA PHNOM PENH;3;"077 917 222 086 6133 87";;NO;NO;CREDIT;90;NORIN
WEN;100-125;GOODHILL DUTCH;3;098 249 551;sokhen.som@goodhill.com.kh;YES;NO;CREDIT;90;NORIN
THU;100-112;CYSPHARMA CO.,LTD.;3;"078 510 310/096 765 2652 098 855 880 012 920 698(manger)";"samphorsmeng49@gmail.com samrach.kim@cyspharma.com eljay.p.bonaobra@cyspharma.com";NO;NO;CREDIT;90;NORIN
FRI;400-218;GREEN LIVING ENTERPRISE(CONSIGNMENT(3MONTHS);3;"061 516 064/087 516064 096 273 0030(SALE SOPHEAK)";heangtailim@gmail.com;NO;NO;CREDIT;90;NORIN 
SAT;400-224;LENG CHOU HENG(CHOCO PIE);3;"077 252 222 077 616 505 010 311 071(telegram: sokha)";lch.lchimex@gmail.com;YES;NO;CREDIT;90;NORIN 
MON;400-221;RPG IMEX CO.,LTD;3;081 666 994;"orion.seng@yahoo.com rpg.imex@gmail.com";NO;Dis 3%;CREDIT;90;NORIN
TUE;100-167;CP;3;096 287 2066;;NO;NO;CREDIT;NR;NORIN 
WEN;400-241;PERFECT COMPANION;3;"077 901 400 086 464 403";"rathao567@gmail.com sukhum@etedairy.com suwanta.see@etedairy.com";NO;NO;CREDIT;90;NORIN
THU;400-357;S.T HOT;3;"076 600 0059(SIRDY) 085 331 888 085 323 888(soben) 096 510 5555(soben)";imkaneth767768@gmail.com;NO;DIS 5%;CREDIT;90;NORIN
FRI;400-216;SUPER EAGLE CO.,LTD.(CONSIGNMENT 3MONTH);3;071 357 7777/099 55 66 98;sivyou@supereagleco.com;NO;NO;CREDIT;NR;NORIN
SAT;400-372;BATIA;3;"016 635 082(CHAINA) 070 531 573 095 647 098(new sale)";806569025@qq.com;NO;NO;CREDIT;90;NORIN
MON;400-373;Grand Hill Trading Company Limited;3;061 36 75 02;grandhill.kh@gmail.com;NO;NO;CREDIT;90;NORIN
THU;400-396;COS-KIN PROFESSIONAL CO.,LTD;3;"012 832 802(manager) 015 889 884 015 311 461(NEW SALE) 096 236 6794";;NO;"consingment 6month SEP-MARCH 2020";CREDIT;90;NORIN
FRI;100-157;AA PHNOM PENH( Mail);3;093 614 877(sale);aapptrading@yahoo.com;YES;"consingment 6month SEP-MARCH 2020 DIS 10%(BY SALE REPORT) CHANGE EXP BEFORE 6M";CREDIT;90;NORIN
SAT;400-413;OUI HING IMPORT & EXPORT CO.,LTD;3;"011 968 899 081 818 996(telegram: Keath Seng)";;NO;NO;CREDIT;90;NORIN
MON;400-426;"S.O.G.C CAMBODIA CO., LTD GOODWILL (CAMBODIA) CO.,Ltd.";3;"088 8600 107 087 600 107 093 89 87 91 098 329 006(new sale)  ( 010667080 telegram)";"sogccambodia@gmail.com saremelco888@gmail.com haysobonn@sogccambodia.com info@sogccambodia.com";NO;NO;"CS 6MONTH (FEB  JULY2020)";90;NORIN
TUE;400-427;Jupiter Foods International (Cambodia) Co.,LTD;3;"096 363 3265 093 500 986";"office.jupitercambodia@gmail.com sales2.jupiterfood@gmail.com jupitercambodia@gmail.com warehouse.jupitercambodia@gmail.com";NO;NO;CREDIT;90;NORIN
WEN;400-127;T&C PRODUCTS DISTRIBUTOR;3;010570550(Sony);thousony77@gmail.com;NO;NO;CREDIT;NR;NORIN
THU;400-131;Jing Tu COMPANY(Consignment);3;"0976515007 088 9280189";;NO;NO;CREDIT;90;NORIN
FRI;400-432;EPASAR ONLINE MARKET;3;;;NO;NO;CREDIT;NR;NORIN
SAT;400-435;LH LIAN HENG (CAMBODIA) FROZEN DISTRIBUTOR CO.,LTD;3;069 48 49 47 (Telegram);lhfrozen.cambodia@gmail.com;NO;NO;CREDIT;90;NORIN
MON;400-240;AMN;3;"070 369 999(LINE) 077 555 125(TELAGRAM)";;NO;8% Forever;CREDIT;NR;NORIN
TUE;200-087;MAKRO THAI;14;;;NO;NO;CREDIT;NR;NORIN
FRI;400-448;"INNER MONGOLIA MENGNIU DAIRY (GROUP) CO.,LTD (C.X.H TRADING., LTD)";3;088 585 8101 / 068 888 233 Telegram;;NO;NO;CREDIT;90;NORIN
SAT;400-581;MENDES PAPER CO.,LTD;3;"011 66 99 93  076 8888 928 081 75 75 68 Telegram";;NO;NO;"COMSIGMENT 6MONTHS (AUG-DEC 2020)";90;NORIN
MON;100-395;BRUNTYS CIDER CO., LTD.;3;;;NO;NO;CREDIT;90;NORIN
TUE;100-142;BOOLOOM BOOLOOM CO.,LTD.;3;070 202 017;"ridasoy@yahoo.com ridasoy@gmail.com";NO;NO;CREDIT;NR;NORIN
WEN;100-105;ATTWOOD IMP & EXP CO,. LTD (VAT);3;070 888 347 (Telegram);function@attwoodcambodia.com vannara.poch@attwoodcambodia.com sothea@attwoodcambodia.com sochea.ch@attwoodcambodia.com navuth@attwoodcambodia.com;NO;NO;CREDIT;90;NORIN
THU;100-183;LA CAVE(WINE & SPRITS);3;086 624 059;mcd.mida@online.com.kh;NO;NO;CREDIT;NR;NORIN
SAT;400-225;ATTWOOD IMP & EXP CO,. LTD (VAT);3;086 256 585;;NO;NO;CREDIT;90;NORIN
MON;100-016;RC-GROUP;3;010 97 2009;kuonkhim99@gmail.com/rc.group168@gmail.com;NO;DIS-3%;CREDIT;90;NORIN
TUE;100-097;JT International(Cambodia) Co.,Ltd;3;093 30 17 17/096 287 55 06;sovanna.heng@jti.com;NO;NO;CREDIT;90;NORIN
WEN;100-498;WINEST CO.,LTD.;3;085 219 567;Tithsovannak@gmail.com;NO;DIS-5%;CREDIT;NR;NORIN
THU;100-280;DUONG CHHIV IM-EX & TRANSPORTATION CO., LTD;3;015 714 444 Telegram;LINK;NO;NO;CREDIT;NR;NORIN
FRI;100-434;HUNG HIEP CAMBODIA CO.,LTD (FOOD)-VAT;3;096 486 6448/015 333 876;;NO;VAT-10%;CREDIT;NR;NORIN
SAT;400-041;LES CELLIERS (WINE) (VAT);3;012 921 786;PP.offtrade@cda-wines.com;NO;DIS-5% & VAT-10%;CREDIT;NR;NORIN
MON;100-144;KHMER BEVERAGES CO.,LTD.;3;089 499 989;Chanvibol PHAN <chanvibol.phan@khmerbeverages.com>/tithantha@gmail.com;NO;DIS-5%;CREDIT;90;NORIN
TUE;400-045;THE WINE MERCHANTS CO.,LTD;3;011 343 490/070 794 939;rathana@warehouse-asia.com;YES;NO;CREDIT;90;NORIN
WEN;100-006;HENG HENG IMPORT EXPORT CO., LTD;3;031 696 6662/016 241 242;keakimngoun@henghengco.com;NO;NO;CREDIT;NR;NORIN
THU;400-141;VELLA;3;015 333 876;wine@hunghiepgroup.com/sokchann.chea@hunghiepgroup.com;NO;10%only Haut Blagnac5L;CREDIT;NR;NORIN
FRI;100-143;KCV DISTRIBUTION CO.,LTD;3;012 900 399 telegram / 070 929 300;"order@kcv.com.kh sophat.bou@kcv.com";NO;VAT-10%;CREDIT;NR;NORIN
SAT;100-335;BDC LIMITED(LIX);3;015 821 123/089 918 988/ 070 525 647 (Sup. Telegram);ratha.k@bdccam.com;NO;DIS-1% & VAT-10%;CREDIT;90;NORIN
MON;400-033;TSM GROUP;3;070 50 40 40 / 011 50 40 40;sochatha99@gmail.com;NO;DIS-10%;CREDIT;90;NORIN
TUE;100-569;LAURENT IMPEX;3;/ 086 743 333;;NO;NO;CREDIT;90;NORIN
WEN;100-046;ANGKOR BEVERAGE;3;099 610 483;kimhai.phann@carlsberg.asia;NO;VAT-10%;CREDIT;90;NORIN
THU;100-241;CAMBREW & ANGKOR BEVERAGE;3;010 932 583 /099 610 483/ 015 205 292 (Sale Telegram);kimhai.phann@carlsberg.asia;NO;VAT-10%;CREDIT;90;NORIN
FRI;100-047;CAMBODIA BEVERAGE CO.,LTD.;3;086 378 379 (Sales) / 012 311 421 (Promotion Manager);orotanakcoca-cola.com.kh / stithary@coca-cola.com.kh;NO;VAT-10;CREDIT;90;NORIN
SAT;100-338;DRAGAN INTERNATIONAL(CONSIGNMENT 3MONTHS) to  SPWS SUPPLY;3;010 694 225;soladoeu@wyesuen.com;NO;DIS-5%;CREDIT;90;NORIN
MON;400-337;TSING PIK(CAMBODIA)CO.,LTD.;3;012 87 36 08/ 012 85 85 17;;NO;DIS-5%;CREDIT;NR;NORIN
THU;100-440;SINATRA INTERNATIONAL CO., LTD;3;017 48 25 89;;NO;NO;CREDIT;NR;NORIN
SAT;400-213;SPA SMART PATH ASIA;3;095 30 75 83/078 30 75 83;;NO;DIS-5%;CREDIT;90;NORIN
MON;400-085;CHT DIRTRIBUTER;3;012 858 582 (Sup. Telegram);hengchetracht@gmail.com;NO;DIS-5%;CREDIT;90;NORIN
TUE;400-183;Oranjeboom Cambodia Group;3;061 877 760/088 383 83 66;016 82 10 92 Telegram /017 64 22 19;NO;NO;CREDIT;90;NORIN
FRI;400-274;I.Q.P.S Trading Co.,LTD (VAT);3;081 336 386/081 33 63 86 Telegram;;NO;NO;CREDIT;90;NORIN
SAT;100-593;QUANTUM DISTRIBUTION CO.,LTD-(VAT);3;010 869 992/096 721 6124;;NO;NO;CREDIT;90;NORIN
MON;400-362;PACIFIC ANDAMAN;3;"089 873 636(paly more) / 092 849 986 Sales Telegram 016 234 334(PLAY MORE)";"phyrum.leng@pacandaman.com pagnha234334@gmail.com";NO;"MAMY POKO 300$/1month 01-01-20 till 31-12-20";CREDIT;90;NORIN
TUE;400-051;PUNLEU AKLANGKA Co.,Ltd;3;096 890 9004;sonavy@keanghuot.com;NO;NO;CREDIT;NR;NORIN
WEN;400-162;Laurent Impex Co.,Ltd(Cosmetic);3;0 16621770;;NO;NO;CREDIT;NR;NORIN